machine,kind,path,bytes,GiB,entries,batch,notes
Cobot/Getea1,data,/media/agilex/Getea1/jiaan/data/datasets/plug_insertion/recordings/rl-platform/rlt/warmup/three_camera_v3,87495083814,81.4861,1530,primary,
Cobot/Getea1,data,/media/agilex/Getea1/jiaan/data/datasets/plug_insertion/recordings/rl-platform/rlt/online/three_camera_v3,335383634,0.3124,12,primary,
Cobot/Getea1,data,/media/agilex/Getea1/jiaan/data/datasets/plug_insertion/recordings/demonstrations/three_camera_v3,55501746292,51.69,1280,primary,
Cobot/Getea1,data,/media/agilex/Getea1/jiaan/data/datasets/plug_insertion/lerobot/demonstrations_v3,1208081237,1.1251,542,primary,
Cobot/Getea1,data,/media/agilex/Getea1/jiaan/data/datasets/plug_insertion/recordings/demonstrations/three_camera_v3/.source_metadata,351,0.0,1,primary,
Cobot/Getea1,data,/media/agilex/Getea1/jiaan/data/datasets/plug_insertion/recordings/demonstrations/legacy_v2,16239291,0.0151,746,primary,
Cobot/Getea1,data,/media/agilex/Getea1/jiaan/data/datasets/plug_insertion/lerobot/demonstrations_legacy_v2,573780744,0.5344,670,primary,
Cobot/Getea1,data,/media/agilex/Getea1/jiaan/data/datasets/plug_insertion/recordings/rl-platform/rlt/warmup/legacy_v2,176466564,0.1643,234,primary,
Cobot/Getea1,data,/media/agilex/Getea1/jiaan/data/datasets/plug_insertion/lerobot/rlt_warmup_legacy_v2,1087224645,1.0126,900,primary,
Cobot/Getea1,data,/media/agilex/Getea1/jiaan/data/datasets/plug_insertion/recordings/rl-platform/rlt/online/legacy_v2,3082661393,2.871,672,primary,
Cobot/Getea1,data,/media/agilex/Getea1/jiaan/data/datasets/plug_insertion/lerobot/rlt_online_legacy_v2,4648241619,4.329,2412,primary,
Cobot/Getea1,data,/media/agilex/Getea1/jiaan/data/datasets/plug_insertion/recordings/demonstrations/legacy_v1,804385452,0.7491,1000,primary,
Cobot/Getea1,data,/media/agilex/Getea1/jiaan/data/datasets/plug_insertion/recordings/rl-platform/rlt/warmup/legacy_v1,0,0.0,1,primary,
Cobot/Getea1,data,/media/agilex/Getea1/jiaan/data/datasets/plug_insertion/recordings/rl-platform/rlt/online/legacy_v1,0,0.0,1,primary,
Cobot/Getea1,data,/media/agilex/Getea1/jiaan/data/datasets/plug_insertion/recordings/rl-platform/rlt/archive/legacy_v1,2830862,0.0026,371,primary,
Cobot/Getea1,data,/media/agilex/Getea1/jiaan/data/evaluations/plug_insertion/rl-platform/rlt/legacy_v1,0,0.0,0,primary,
Cobot/Getea1,data,/media/agilex/Getea1/jiaan/data/datasets/plug_insertion/recordings/demonstrations/legacy_record,983472749,0.9159,10,primary,
Cobot/Getea1,data,/media/agilex/Getea1/jiaan/data/datasets/plug_insertion/recordings/demonstrations/legacy_test,2087657851,1.9443,55,primary,
Cobot/Getea1,data,/media/agilex/Getea1/jiaan/data/motion/replays,22583559,0.021,17,primary,
Cobot/Getea1,data,/media/agilex/Getea1/jiaan/data/motion/poses/home_poses.yaml,1893,0.0,1,primary,
Cobot/Getea1,data,/media/agilex/Getea1/jiaan/data/evaluations/plug_insertion/rl-platform/rlt/warmup_5000/2026-09-26/eval-20260926T150351-5c9cf0e2,106085,0.0001,7,primary,
Cobot/Getea1,data,/media/agilex/Getea1/jiaan/data/evaluations/plug_insertion/rl-platform/rlt/warmup_5000/2026-09-26/eval-20260926T151122-a3943fd7,130668,0.0001,7,primary,
Cobot/Getea1,data,/media/agilex/Getea1/jiaan/data/evaluations/plug_insertion/rl-platform/rlt/warmup_5000/2026-09-26/eval-20260926T151146-bbdc4322,131291,0.0001,7,primary,
Cobot/Getea1,data,/media/agilex/Getea1/jiaan/data/evaluations/plug_insertion/rl-platform/rlt/warmup_5000/2026-09-26/eval-20260926T151952-f7746bf3,125223,0.0001,7,primary,
Cobot/Getea1,data,/media/agilex/Getea1/jiaan/data/evaluations/plug_insertion/rl-platform/rlt/warmup_5000/2026-09-26/eval-20260926T152027-75b4c5bb,124523,0.0001,7,primary,
Cobot/Getea1,data,/media/agilex/Getea1/jiaan/data/evaluations/plug_insertion/rl-platform/rlt/warmup_5000/2026-09-26/eval-20260926T152049-4dfa29c9,124421,0.0001,7,primary,
Cobot/Getea1,data,/media/agilex/Getea1/jiaan/data/evaluations/plug_insertion/rl-platform/rlt/warmup_5000/2026-09-26/eval-20260926T152108-ba09108c,123108,0.0001,7,primary,
Cobot/Getea1,data,/media/agilex/Getea1/jiaan/data/evaluations/plug_insertion/rl-platform/rlt/warmup_5000/2026-09-26/eval-20260926T152146-00a191e3,125215,0.0001,7,primary,
Cobot/Getea1,data,/media/agilex/Getea1/jiaan/data/evaluations/plug_insertion/rl-platform/rlt/warmup_5000/2026-09-26/eval-20260926T152215-7b1b9c7c,122919,0.0001,7,primary,
Cobot/Getea1,data,/media/agilex/Getea1/jiaan/data/evaluations/plug_insertion/rl-platform/rlt/warmup_5000/2026-09-26/eval-20260926T152237-4fa08dfb,125293,0.0001,7,primary,
Cobot/Getea1,data,/media/agilex/Getea1/jiaan/data/evaluations/plug_insertion/rl-platform/rlt/warmup_5000/2026-09-26/eval-20260926T152307-c09bacbb,124815,0.0001,7,primary,
Cobot/Getea1,data,/media/agilex/Getea1/jiaan/data/evaluations/plug_insertion/rl-platform/rlt/warmup_5000/2026-09-26/eval-20260926T160410-35605ecd,128264,0.0001,7,primary,
Cobot/Getea1,data,/media/agilex/Getea1/jiaan/data/evaluations/plug_insertion/rl-platform/rlt/warmup_5000/2026-09-26/eval-20260926T160547-c1f50726,124458,0.0001,7,primary,
Cobot/Getea1,data,/media/agilex/Getea1/jiaan/data/evaluations/plug_insertion/rl-platform/rlt/warmup_5000/2026-09-26/eval-20260926T160613-74a4d7e7,124595,0.0001,7,primary,
Cobot/Getea1,data,/media/agilex/Getea1/jiaan/data/evaluations/plug_insertion/rl-platform/rlt/warmup_5000/2026-09-26/eval-20260926T160638-5c19ae99,124773,0.0001,7,primary,
Cobot/Getea1,data,/media/agilex/Getea1/jiaan/data/evaluations/plug_insertion/rl-platform/rlt/warmup_5000/2026-09-26/eval-20260926T160650-f59d9df4,125926,0.0001,7,primary,
Cobot/Getea1,data,/media/agilex/Getea1/jiaan/data/evaluations/plug_insertion/rl-platform/rlt/warmup_5000/2026-09-26/eval-20260926T160717-97551237,123859,0.0001,7,primary,
Cobot/Getea1,data,/media/agilex/Getea1/jiaan/data/evaluations/plug_insertion/rl-platform/rlt/warmup_5000/2026-09-26/eval-20260926T160742-b65382a3,124063,0.0001,7,primary,
Cobot/Getea1,data,/media/agilex/Getea1/jiaan/data/evaluations/plug_insertion/rl-platform/rlt/warmup_5000/2026-09-26/eval-20260926T160801-0a42fb0a,125487,0.0001,7,primary,
Cobot/Getea1,data,/media/agilex/Getea1/jiaan/data/evaluations/plug_insertion/rl-platform/rlt/warmup_5000/2026-09-26/eval-20260926T160821-4248d92f,124251,0.0001,7,primary,
Cobot/Getea1,data,/media/agilex/Getea1/jiaan/data/evaluations/plug_insertion/rl-platform/rlt/warmup_5000/2026-09-26/eval-20260926T160846-1d5e2ffc,124677,0.0001,7,primary,
Cobot/Getea1,data,/media/agilex/Getea1/jiaan/data/evaluations/plug_insertion/rl-platform/rlt/warmup_5000/2026-09-26/eval-20260926T160920-ffb84137,124168,0.0001,7,primary,
Cobot/Getea1,data,/media/agilex/Getea1/jiaan/data/evaluations/plug_insertion/rl-platform/rlt/warmup_5000/2026-09-26/eval-20260926T160940-b0ae4204,123005,0.0001,7,primary,
Cobot/Getea1,data,/media/agilex/Getea1/jiaan/data/evaluations/plug_insertion/rl-platform/rlt/warmup_5000/2026-09-26/eval-20260926T161011-ee08a65e,126414,0.0001,7,primary,
Cobot/Getea1,data,/media/agilex/Getea1/jiaan/data/evaluations/plug_insertion/rl-platform/rlt/warmup_5000/2026-09-26/eval-20260926T161026-99728b1c,125048,0.0001,7,primary,
Cobot/Getea1,data,/media/agilex/Getea1/jiaan/data/evaluations/plug_insertion/rl-platform/rlt/warmup_5000/2026-09-26/eval-20260926T161104-76a891eb,125635,0.0001,7,primary,
Cobot/Getea1,data,/media/agilex/Getea1/jiaan/data/evaluations/plug_insertion/rl-platform/rlt/warmup_5000/2026-09-26/eval-20260926T161127-5239e4a8,127428,0.0001,7,primary,
Cobot/Getea1,data,/media/agilex/Getea1/jiaan/data/evaluations/plug_insertion/rl-platform/rlt/warmup_5000/2026-09-26/eval-20260926T161156-42ac9275,128129,0.0001,7,primary,
Cobot/Getea1,data,/media/agilex/Getea1/jiaan/data/evaluations/plug_insertion/rl-platform/rlt/warmup_5000/2026-09-26/eval-20260926T161437-8305fa33,124332,0.0001,7,primary,
Cobot/Getea1,data,/media/agilex/Getea1/jiaan/data/evaluations/plug_insertion/rl-platform/rlt/warmup_5000/2026-09-26/eval-20260926T161504-278f5365,124181,0.0001,7,primary,
Cobot/Getea1,data,/media/agilex/Getea1/jiaan/data/evaluations/plug_insertion/rl-platform/rlt/warmup_5000/2026-09-26/eval-20260926T161522-87a208fe,124003,0.0001,7,primary,
Cobot/Getea1,data,/media/agilex/Getea1/jiaan/data/evaluations/plug_insertion/rl-platform/rlt/warmup_5000/2026-09-26/eval-20260926T161546-4fe42b86,124077,0.0001,7,primary,
Cobot/Getea1,data,/media/agilex/Getea1/jiaan/data/evaluations/plug_insertion/rl-platform/rlt/warmup_5000/2026-09-26/eval-20260926T161604-47d19656,124295,0.0001,7,primary,
Cobot/Getea1,data,/media/agilex/Getea1/jiaan/data/evaluations/plug_insertion/rl-platform/rlt/warmup_5000/2026-09-26/eval-20260926T161625-b260b42f,124389,0.0001,7,primary,
Cobot/Getea1,data,/media/agilex/Getea1/jiaan/data/evaluations/plug_insertion/rl-platform/rlt/warmup_5000/2026-09-26/eval-20260926T161652-2588bf07,125855,0.0001,7,primary,
Cobot/Getea1,data,/media/agilex/Getea1/jiaan/data/evaluations/plug_insertion/rl-platform/rlt/warmup_5000/2026-09-26/eval-20260926T161705-31ba9346,125761,0.0001,7,primary,
Cobot/Getea1,data,/media/agilex/Getea1/jiaan/data/evaluations/plug_insertion/rl-platform/rlt/warmup_5000/2026-09-26/eval-20260926T161720-50de080c,126074,0.0001,7,primary,
Cobot/Getea1,data,/media/agilex/Getea1/jiaan/data/evaluations/plug_insertion/rl-platform/rlt/warmup_5000/2026-09-26/eval-20260926T161740-0b921d06,126101,0.0001,7,primary,
Cobot/Getea1,data,/media/agilex/Getea1/jiaan/data/evaluations/plug_insertion/rl-platform/rlt/warmup_5000/2026-09-26/eval-20260926T161752-82abd860,126326,0.0001,7,primary,
Cobot/Getea1,data,/media/agilex/Getea1/jiaan/data/evaluations/plug_insertion/rl-platform/rlt/warmup_5000/2026-09-26/eval-20260926T161823-c1a087b8,124768,0.0001,7,primary,
Cobot/Getea1,data,/media/agilex/Getea1/jiaan/data/evaluations/plug_insertion/rl-platform/rlt/warmup_5000/2026-09-26/eval-20260926T161850-2f288182,124095,0.0001,7,primary,
Cobot/Getea1,data,/media/agilex/Getea1/jiaan/data/evaluations/plug_insertion/rl-platform/rlt/warmup_5000/2026-09-26/eval-20260926T161909-01d711b2,123697,0.0001,7,primary,
Cobot/Getea1,data,/media/agilex/Getea1/jiaan/data/evaluations/plug_insertion/rl-platform/rlt/warmup_5000/2026-09-26/eval-20260926T161919-556e1602,123082,0.0001,7,primary,
Cobot/Getea1,data,/media/agilex/Getea1/jiaan/data/evaluations/plug_insertion/rl-platform/rlt/warmup_5000/2026-09-26/eval-20260926T161937-d635c579,126695,0.0001,7,primary,
Cobot/Getea1,data,/media/agilex/Getea1/jiaan/data/evaluations/plug_insertion/rl-platform/rlt/warmup_5000/2026-09-26/eval-20260926T162007-5ce8f18f,126714,0.0001,7,primary,
Cobot/Getea1,data,/media/agilex/Getea1/jiaan/data/evaluations/plug_insertion/rl-platform/rlt/warmup_5000/2026-09-26/eval-20260926T162023-8f4fd194,126745,0.0001,7,primary,
Cobot/Getea1,data,/media/agilex/Getea1/jiaan/data/evaluations/plug_insertion/rl-platform/rlt/warmup_5000/2026-09-26/eval-20260926T162044-2f4f272a,125974,0.0001,7,primary,
Cobot/Getea1,data,/media/agilex/Getea1/jiaan/data/evaluations/plug_insertion/rl-platform/rlt/warmup_5000/2026-09-26/eval-20260926T162122-ec3ab4b6,123725,0.0001,7,primary,
Cobot/Getea1,data,/media/agilex/Getea1/jiaan/data/evaluations/plug_insertion/rl-platform/rlt/warmup_5000/2026-09-26/eval-20260926T162142-c575ca03,123617,0.0001,7,primary,
Cobot/Getea1,data,/media/agilex/Getea1/jiaan/data/evaluations/plug_insertion/rl-platform/rlt/warmup_5000/2026-09-26/eval-20260926T162211-1d175c71,123433,0.0001,7,primary,
Cobot/Getea1,data,/media/agilex/Getea1/jiaan/data/evaluations/plug_insertion/rl-platform/rlt/warmup_5000/2026-09-26/eval-20260926T162232-f808ac3c,123656,0.0001,7,primary,
Cobot/Getea1,data,/media/agilex/Getea1/jiaan/data/evaluations/plug_insertion/rl-platform/rlt/warmup_5000/2026-09-26/eval-20260926T162257-2d52cfba,124214,0.0001,7,primary,
Cobot/Getea1,data,/media/agilex/Getea1/jiaan/data/evaluations/plug_insertion/rl-platform/rlt/warmup_5000/2026-09-26/eval-20260926T162321-9f836c66,124058,0.0001,7,primary,
Cobot/Getea1,data,/media/agilex/Getea1/jiaan/data/evaluations/plug_insertion/rl-platform/rlt/warmup_5000/2026-09-26/eval-20260926T162337-3f6ae494,124517,0.0001,7,primary,
Cobot/Getea1,data,/media/agilex/Getea1/jiaan/data/evaluations/plug_insertion/rl-platform/rlt/warmup_5000/2026-09-26/eval-20260926T162349-f37fa7c7,125010,0.0001,7,primary,
Cobot/Getea1,data,/media/agilex/Getea1/jiaan/data/evaluations/plug_insertion/rl-platform/rlt/warmup_5000/2026-09-26/eval-20260926T162413-23adae28,126625,0.0001,7,primary,
Cobot/Getea1,data,/media/agilex/Getea1/jiaan/data/evaluations/plug_insertion/rl-platform/rlt/warmup_5000/2026-09-26/eval-20260926T162438-750ce221,127566,0.0001,7,primary,
Cobot/Getea1,data,/media/agilex/Getea1/jiaan/data/evaluations/plug_insertion/rl-platform/rlt/warmup_5000/2026-09-26/eval-20260926T162454-276bed81,127822,0.0001,7,primary,
Cobot/Getea1,data,/media/agilex/Getea1/jiaan/data/evaluations/plug_insertion/rl-platform/rlt/warmup_5000/2026-09-26/eval-20260926T162511-f2e155cc,125088,0.0001,7,primary,
Cobot/Getea1,data,/media/agilex/Getea1/jiaan/data/evaluations/plug_insertion/rl-platform/rlt/warmup_5000/2026-09-26/eval-20260926T162526-2a46e769,126604,0.0001,7,primary,
Cobot/Getea1,data,/media/agilex/Getea1/jiaan/data/evaluations/plug_insertion/rl-platform/rlt/warmup_5000/2026-09-26/eval-20260926T162539-cfcf001c,124959,0.0001,7,primary,
Cobot/Getea1,data,/media/agilex/Getea1/jiaan/data/evaluations/in_the_pot/vla-platform/pi05/dagger_2000plus3000/2026-09-26/eval-20260926T175604-35d5ae3e,127166,0.0001,7,primary,
Cobot/Getea1,data,/media/agilex/Getea1/jiaan/data/evaluations/in_the_pot/vla-platform/pi05/dagger_2000plus3000/2026-09-26/eval-20260926T175744-64c60e58,131330,0.0001,7,primary,
Cobot/Getea1,data,/media/agilex/Getea1/jiaan/data/evaluations/plug_insertion/rl-platform/rlt/reference_4999/2026-09-27/eval-20260927T194643-8df0ea7a,120176,0.0001,7,primary,
Cobot/Getea1,data,/media/agilex/Getea1/jiaan/data/evaluations/plug_insertion/rl-platform/rlt/reference_4999/2026-09-27/eval-20260927T194657-47b56cae,120325,0.0001,7,primary,
Cobot/Getea1,data,/media/agilex/Getea1/jiaan/data/evaluations/plug_insertion/rl-platform/rlt/reference_4999/2026-09-27/eval-20260927T194711-ddf2619f,120746,0.0001,7,primary,
Cobot/Getea1,data,/media/agilex/Getea1/jiaan/data/evaluations/plug_insertion/rl-platform/rlt/reference_4999/2026-09-27/eval-20260927T194720-412349ed,120977,0.0001,7,primary,
Cobot/Getea1,data,/media/agilex/Getea1/jiaan/data/evaluations/plug_insertion/rl-platform/rlt/reference_4999/2026-09-27/eval-20260927T194745-a86f67b7,121409,0.0001,7,primary,
Cobot/Getea1,data,/media/agilex/Getea1/jiaan/data/evaluations/plug_insertion/rl-platform/rlt/reference_4999/2026-09-27/eval-20260927T194802-63661251,121754,0.0001,7,primary,
Cobot/Getea1,data,/media/agilex/Getea1/jiaan/data/evaluations/plug_insertion/rl-platform/rlt/reference_4999/2026-09-27/eval-20260927T194816-3a74b6ae,121787,0.0001,7,primary,
Cobot/Getea1,data,/media/agilex/Getea1/jiaan/data/evaluations/plug_insertion/rl-platform/rlt/reference_4999/2026-09-27/eval-20260927T194852-bf0d0c4f,119785,0.0001,7,primary,
Cobot/Getea1,data,/media/agilex/Getea1/jiaan/data/evaluations/plug_insertion/rl-platform/rlt/reference_4999/2026-09-27/eval-20260927T194915-151be99d,119063,0.0001,7,primary,
Cobot/Getea1,data,/media/agilex/Getea1/jiaan/data/evaluations/plug_insertion/rl-platform/rlt/reference_4999/2026-09-27/eval-20260927T195022-18ca007b,119870,0.0001,7,primary,
Cobot/Getea1,data,/media/agilex/Getea1/jiaan/data/evaluations/plug_insertion/rl-platform/rlt/reference_4999/2026-09-27/eval-20260927T195119-ec396e2e,120685,0.0001,7,primary,
Cobot/Getea1,data,/media/agilex/Getea1/jiaan/data/evaluations/plug_insertion/rl-platform/rlt/reference_4999/2026-09-27/eval-20260927T195154-4325c741,120969,0.0001,7,primary,
Cobot/Getea1,data,/media/agilex/Getea1/jiaan/data/evaluations/plug_insertion/rl-platform/rlt/reference_4999/2026-09-27/eval-20260927T195230-e65d1670,118275,0.0001,7,primary,
Cobot/Getea1,data,/media/agilex/Getea1/jiaan/data/evaluations/plug_insertion/rl-platform/rlt/reference_4999/2026-09-27/eval-20260927T195250-ea952e7d,118936,0.0001,7,primary,
Cobot/Getea1,data,/media/agilex/Getea1/jiaan/data/evaluations/plug_insertion/rl-platform/rlt/reference_4999/2026-09-27/eval-20260927T195322-00058b92,118540,0.0001,7,primary,
Cobot/Getea1,data,/media/agilex/Getea1/jiaan/data/evaluations/plug_insertion/rl-platform/rlt/reference_4999/2026-09-27/eval-20260927T195348-1c072a3a,121476,0.0001,7,primary,
Cobot/Getea1,data,/media/agilex/Getea1/jiaan/data/evaluations/plug_insertion/rl-platform/rlt/reference_4999/2026-09-27/eval-20260927T195413-01947c7e,122339,0.0001,7,primary,
Cobot/Getea1,data,/media/agilex/Getea1/jiaan/data/evaluations/plug_insertion/rl-platform/rlt/reference_4999/2026-09-27/eval-20260927T195426-91095d78,121644,0.0001,7,primary,
Cobot/Getea1,data,/media/agilex/Getea1/jiaan/data/evaluations/plug_insertion/rl-platform/rlt/reference_4999/2026-09-27/eval-20260927T195458-835167fa,120805,0.0001,7,primary,
Cobot/Getea1,data,/media/agilex/Getea1/jiaan/data/evaluations/plug_insertion/rl-platform/rlt/reference_4999/2026-09-27/eval-20260927T195519-2e5d5a7f,120335,0.0001,7,primary,
Cobot/Getea1,data,/media/agilex/Getea1/jiaan/data/evaluations/plug_insertion/rl-platform/rlt/reference_4999/2026-09-27/eval-20260927T195538-f3b1364c,119775,0.0001,7,primary,
Cobot/Getea1,data,/media/agilex/Getea1/jiaan/data/evaluations/plug_insertion/rl-platform/rlt/reference_4999/2026-09-27/eval-20260927T195612-c1500679,118214,0.0001,7,primary,
Cobot/Getea1,data,/media/agilex/Getea1/jiaan/data/evaluations/plug_insertion/rl-platform/rlt/reference_4999/2026-09-27/eval-20260927T195627-975fafcb,118085,0.0001,7,primary,
Cobot/Getea1,data,/media/agilex/Getea1/jiaan/data/evaluations/plug_insertion/rl-platform/rlt/reference_4999/2026-09-27/eval-20260927T195647-d487d170,118337,0.0001,7,primary,
Cobot/Getea1,data,/media/agilex/Getea1/jiaan/data/evaluations/plug_insertion/rl-platform/rlt/reference_4999/2026-09-27/eval-20260927T195715-40164383,118895,0.0001,7,primary,
Cobot/Getea1,data,/media/agilex/Getea1/jiaan/data/evaluations/plug_insertion/rl-platform/rlt/reference_4999/2026-09-27/eval-20260927T195738-5f7872be,119845,0.0001,7,primary,
Cobot/Getea1,data,/media/agilex/Getea1/jiaan/data/evaluations/plug_insertion/rl-platform/rlt/reference_4999/2026-09-27/eval-20260927T195751-67adfc90,119792,0.0001,7,primary,
Cobot/Getea1,data,/media/agilex/Getea1/jiaan/data/evaluations/plug_insertion/rl-platform/rlt/reference_4999/2026-09-27/eval-20260927T195811-bbf2c93b,121693,0.0001,7,primary,
Cobot/Getea1,data,/media/agilex/Getea1/jiaan/data/evaluations/plug_insertion/rl-platform/rlt/reference_4999/2026-09-27/eval-20260927T195830-28b6d9a5,121818,0.0001,7,primary,
Cobot/Getea1,data,/media/agilex/Getea1/jiaan/data/evaluations/plug_insertion/rl-platform/rlt/reference_4999/2026-09-27/eval-20260927T195850-1d592208,122091,0.0001,7,primary,
Cobot/Getea1,data,/media/agilex/Getea1/jiaan/data/evaluations/plug_insertion/rl-platform/rlt/reference_4999/2026-09-27/eval-20260927T195920-00566898,120239,0.0001,7,primary,
Cobot/Getea1,data,/media/agilex/Getea1/jiaan/data/evaluations/plug_insertion/rl-platform/rlt/reference_4999/2026-09-27/eval-20260927T195947-c39ba714,120037,0.0001,7,primary,
Cobot/Getea1,data,/media/agilex/Getea1/jiaan/data/evaluations/plug_insertion/rl-platform/rlt/reference_4999/2026-09-27/eval-20260927T200008-3b3aa9be,120123,0.0001,7,primary,
Cobot/Getea1,model,/media/agilex/Getea1/jiaan/model/rl-platform/rlt/plug_insertion/reference_4999,15428192821,14.3686,31,primary,
Cobot/Getea1,model,/media/agilex/Getea1/jiaan/model/rl-platform/rlt/plug_insertion/warmup_5000,39726761,0.037,3,primary,
Cobot/Getea1,model,/media/agilex/Getea1/jiaan/model/rl-platform/rlt/plug_insertion/online,42830235,0.0399,6,primary,
Cobot/Getea1,data,/media/agilex/Getea1/jiaan/data/datasets/plug_insertion/derived/rl-platform/rlt/replay_clean_v1,34487080,0.0321,1,primary,
Cobot/Getea1,data,/media/agilex/Getea1/jiaan/data/datasets/plug_insertion/derived/rl-platform/rlt/replay,476227027,0.4435,2,primary,
Cobot/Getea1,data,/media/agilex/Getea1/jiaan/data/datasets/plug_insertion/derived/rl-platform/rlt/traces,31925624,0.0297,116,primary,
Cobot/Getea1,model,/media/agilex/Getea1/jiaan/model/rl-platform/rlt/plug_insertion/history/backups,94232676,0.0878,14,primary,
Cobot/Getea1,model,/media/agilex/Getea1/jiaan/model/rl-platform/rlt/plug_insertion/history/candidates,380598688,0.3545,31,primary,
Cobot/Getea1,data,/media/agilex/Getea1/jiaan/data/datasets/plug_insertion/derived/rl-platform/rlt/validation,16683566,0.0155,33,primary,
Cobot/Getea1,data,/media/agilex/Getea1/jiaan/data/datasets/in_the_pot/recordings/demonstrations/legacy,11357794,0.0106,10,primary,
Cobot/Getea1,data,/media/agilex/Getea1/jiaan/data/datasets/in_the_pot/lerobot/demonstrations_legacy,421394882,0.3925,164,primary,
Cobot/Getea1,data,/media/agilex/Getea1/jiaan/data/datasets/in_the_pot/recordings/rl-platform/rlt/legacy,1247417001,1.1617,2,primary,
Cobot/Getea1,data,/media/agilex/Getea1/jiaan/data/datasets/in_the_pot/recordings/cobot-dagger/round_001,6517715848,6.0701,144,primary,
Cobot/Getea1,data,/media/agilex/Getea1/jiaan/data/datasets/in_the_pot/lerobot/dagger_round_001,499565513,0.4653,106,primary,
Cobot/Getea1,data,/media/agilex/Getea1/jiaan/data/datasets/in_the_pot/recordings/cobot-dagger/failed_recordings,495467359,0.4614,1,primary,
Cobot/Getea1,model,/media/agilex/Getea1/jiaan/model/vla-platform/dm0_5/in_the_pot/step_4000,3362,0.0,2,primary,Metadata only; actual weights remain in A6000 vla-platform/models/history/dm0-5/step_4000
Cobot/Getea1,model,/media/agilex/Getea1/jiaan/model/vla-platform/galaxea_g0_5/in_the_pot/step_4000,11970571084,11.1485,13,primary,
Cobot/Getea1,model,/media/agilex/Getea1/jiaan/model/vla-platform/galaxea_g0_5/in_the_pot/dagger_round001_step_4000,11970589272,11.1485,15,primary,
Cobot/Getea1,model,/media/agilex/Getea1/jiaan/model/vla-platform/lingbot_v2/in_the_pot/step_2000,25519986883,23.7673,17,primary,
Cobot/Getea1,model,/media/agilex/Getea1/jiaan/model/vla-platform/pi05/in_the_pot/baseline_2000,12441297724,11.5869,28,primary,
Cobot/Getea1,model,/media/agilex/Getea1/jiaan/model/vla-platform/xiaomi_robotics_0/in_the_pot/step_4000,10988841587,10.2342,3,primary,
Cobot/Getea1,model,/media/agilex/Getea1/jiaan/model/vla-platform/xiaomi_robotics_1/in_the_pot/step_4000,11004853948,10.2491,3,primary,
Cobot/Getea1,model,/media/agilex/Getea1/jiaan/model/vla-platform/pi05/put_two_fruits/baseline_2000,12441359243,11.5869,43,primary,
Cobot/Getea1,model,/media/agilex/Getea1/jiaan/model/vla-platform/pi05/lift_book/baseline_2000,12441319540,11.5869,35,primary,
Cobot/Getea1,model,/media/agilex/Getea1/jiaan/model/vla-platform/pi05/in_the_pot/dagger_2000plus3000,12441273380,11.5868,19,primary,
Cobot/Getea1,model,/media/agilex/Getea1/jiaan/model/vla-platform/pi05/put_two_fruits/step_4999,12441285660,11.5869,30,primary,
Cobot/Getea1,model,/media/agilex/Getea1/jiaan/model/vla-platform/lingbot_v2/in_the_pot/step_4000,25519986870,23.7673,17,primary,
Cobot/Getea1,model,/media/agilex/Getea1/jiaan/model/vla-platform/lingbot_v2/base/Qwen3-VL-4B-Instruct,8887294384,8.2769,44,primary,
Cobot/Getea1,model,/media/agilex/Getea1/jiaan/model/rl-platform/rlt/base/openpi,4264023,0.004,1,extras,
Cobot/Getea1,model,/media/agilex/Getea1/jiaan/model/vla-platform/fluxvla_pi05/in_the_pot/step_5000,14467144608,13.4736,2,extras,
Cobot/Getea1,model,/media/agilex/Getea1/jiaan/model/vla-platform/fluxvla_pi05/base/pi05_base,14489021840,13.494,9,extras,
Cobot/Getea1,data,/media/agilex/Getea1/jiaan/data/datasets/in_the_pot/derived/vla-platform/fluxvla/fixtures,396861,0.0004,1,extras,
Cobot/Getea1,data,/media/agilex/Getea1/jiaan/data/datasets/plug_insertion/derived/rl-platform/rlt/validation/online_resume_20260928/replay.pkl,34496684,0.0321,1,validation,
Cobot/Getea1,model,/media/agilex/Getea1/jiaan/model/rl-platform/rlt/plug_insertion/history/validation_resume_20260928/actor_snapshot,9300408,0.0087,3,validation,
Cobot/Getea1,model,/media/agilex/Getea1/jiaan/model/rl-platform/rlt/plug_insertion/history/validation_resume_20260928/checkpoints,73250502,0.0682,2,validation,
